{"cameraMode":{"drawMode":0,"name":"Shaded","section":"Shading Mode"},"sceneLighting":false,"audioPlay":false,"sceneViewState":{"showFog":true,"showMaterialUpdate":false,"showSkybox":false,"showFlares":true,"showImageEffects":true,"showParticleSystems":true,"showVisualEffectGraphs":true,"m_FxEnabled":true},"in2DMode":false,"pivot":{"x":0.0012331008911132813,"y":0.00040778517723083496,"z":-0.000013023614883422852},"rotation":{"x":-0.10005537420511246,"y":-0.8948071599006653,"z":0.35409197211265566,"w":-0.2528499662876129},"size":0.9422397017478943,"orthographic":false}