{"cameraMode":{"drawMode":0,"name":"Shaded","section":"Shading Mode"},"sceneLighting":false,"audioPlay":false,"sceneViewState":{"showFog":true,"showMaterialUpdate":false,"showSkybox":false,"showFlares":true,"showImageEffects":true,"showParticleSystems":true,"showVisualEffectGraphs":true,"m_FxEnabled":true},"in2DMode":false,"pivot":{"x":0.08090329170227051,"y":-0.06364498287439347,"z":-0.08109037578105927},"rotation":{"x":0.17735250294208527,"y":-0.822626531124115,"z":0.38557830452919009,"w":0.3783745765686035},"size":0.5479749441146851,"orthographic":false}