{"cameraMode":{"drawMode":0,"name":"Shaded","section":"Shading Mode"},"sceneLighting":false,"audioPlay":false,"sceneViewState":{"showFog":true,"showMaterialUpdate":false,"showSkybox":false,"showFlares":true,"showImageEffects":true,"showParticleSystems":true,"showVisualEffectGraphs":true,"m_FxEnabled":true},"in2DMode":false,"pivot":{"x":0.1746416836977005,"y":-0.01738804578781128,"z":-0.17021743953227998},"rotation":{"x":0.17735250294208527,"y":-0.822626531124115,"z":0.38557830452919009,"w":0.3783745765686035},"size":0.8686825633049011,"orthographic":false}