{"cameraMode":{"drawMode":0,"name":"Shaded","section":"Shading Mode"},"sceneLighting":false,"audioPlay":false,"sceneViewState":{"showFog":true,"showMaterialUpdate":false,"showSkybox":false,"showFlares":true,"showImageEffects":true,"showParticleSystems":true,"showVisualEffectGraphs":true,"m_FxEnabled":true},"in2DMode":false,"pivot":{"x":0.0032088160514831545,"y":-0.01976543664932251,"z":-0.03773242235183716},"rotation":{"x":-0.1010984405875206,"y":-0.8696680068969727,"z":0.4399145841598511,"w":-0.1998644769191742},"size":0.7578598260879517,"orthographic":false}